scenariusz,iteracja,udzial_ciezarowek,tau_osobowki,tau_ciezarowki,liczba_pojazdow_exit,sredni_czas_opoznienia_s,calkowity_czas_symulacji_s
Rondo,1,0.1409,1.5577,3.6577,1538.0,1802.32,8781.0
Rondo,2,0.0096,1.6843,3.7843,1540.0,1214.13,6651.0
Rondo,3,0.1257,1.4032,3.5032,1539.0,1664.52,8373.0
Rondo,4,0.0737,1.8427,3.9427,1544.0,1601.32,8066.0
Rondo,5,0.116,1.7594,3.8594,1541.0,1769.78,8768.0
Rondo,6,0.1355,2.287,4.387,1546.0,2124.15,9694.0
Rondo,7,0.0613,1.83,3.93,1540.0,1504.74,7672.0
Rondo,8,0.0237,1.1993,3.2993,1538.0,1060.76,6053.0
Rondo,9,0.0032,1.2082,3.3082,1541.0,998.37,5747.0
Rondo,10,0.0278,1.4704,3.5704,1540.0,1191.17,6548.0
Rondo,11,0.0741,2.2917,4.3917,1544.0,1796.1,8672.0
Rondo,12,0.1365,1.3484,3.4484,1536.0,1663.25,8277.0
Rondo,13,0.1235,1.9663,4.0663,1542.0,1918.73,9073.0
Rondo,14,0.1077,1.3233,3.4233,1537.0,1528.43,7859.0
Rondo,15,0.036,1.8259,3.9259,1538.0,1357.86,7253.0
Rondo,16,0.0412,2.4897,4.5897,1543.0,1738.15,8370.0
Rondo,17,0.1358,2.1424,4.2424,1546.0,2022.66,9485.0
Rondo,18,0.0941,1.9875,4.0875,1543.0,1808.73,8771.0
Rondo,19,0.0474,1.0255,3.1255,1539.0,1086.9,6148.0
Rondo,20,0.0529,1.8548,3.9548,1541.0,1492.69,7766.0
Rondo,21,0.1409,1.9961,4.0961,1538.0,2027.96,9677.0
Rondo,22,0.0864,1.531,3.631,1537.0,1548.61,7870.0
Rondo,23,0.0998,1.3103,3.4103,1540.0,1487.14,7666.0
Rondo,24,0.1183,1.5852,3.6852,1538.0,1711.81,8568.0
Rondo,25,0.1123,1.6957,3.7957,1538.0,1695.01,8381.0
Rondo,26,0.0418,1.8255,3.9255,1543.0,1417.98,7367.0
Rondo,27,0.0208,1.6237,3.7237,1543.0,1263.64,6952.0
Rondo,28,0.0572,1.9091,4.0091,1540.0,1547.2,7869.0
Rondo,29,0.1255,2.4075,4.5075,1542.0,2076.92,9677.0
Rondo,30,0.1359,2.3713,4.4713,1546.0,2162.97,9790.0
Rondo,31,0.1341,1.202,3.302,1544.0,1641.03,8269.0
Rondo,32,0.0866,1.9219,4.0219,1539.0,1720.23,8574.0
Rondo,33,0.0488,2.0133,4.1133,1540.0,1562.06,7872.0
Rondo,34,0.0677,2.4297,4.5297,1538.0,1804.53,8667.0
Rondo,35,0.0378,1.5222,3.6222,1541.0,1267.79,6849.0
Rondo,36,0.1252,2.0002,4.1002,1541.0,1961.6,9382.0
Rondo,37,0.0566,1.4599,3.5599,1540.0,1312.33,7068.0
Rondo,38,0.0305,1.3995,3.4995,1537.0,1170.04,6447.0
Rondo,39,0.0668,1.9469,4.0469,1538.0,1666.33,8268.0
Rondo,40,0.033,1.2108,3.3108,1541.0,1138.8,6258.0
Rondo,41,0.1485,1.9588,4.0588,1540.0,2055.01,9581.0
Rondo,42,0.023,1.2571,3.3571,1540.0,1113.58,6251.0
Rondo,43,0.1468,1.4989,3.5989,1541.0,1818.3,8780.0
Rondo,44,0.0877,1.4432,3.5432,1541.0,1515.22,7862.0
Rondo,45,0.0997,2.3341,4.4341,1540.0,1949.16,9380.0
Rondo,46,0.1353,1.4863,3.5863,1546.0,1745.68,8680.0
Rondo,47,0.0084,2.3634,4.4634,1538.0,1515.69,7466.0
Rondo,48,0.1469,2.4082,4.5082,1540.0,2244.35,9985.0
Rondo,49,0.0745,2.0747,4.1747,1541.0,1753.7,8577.0
Rondo,50,0.0716,2.0988,4.1988,1536.0,1738.65,8382.0
Rondo,51,0.0005,1.1579,3.2579,1546.0,979.58,5548.0
Rondo,52,0.0143,2.0794,4.1794,1537.0,1436.75,7367.0
Rondo,53,0.1388,1.9713,4.0713,1538.0,1945.08,9287.0
Rondo,54,0.03,1.245,3.345,1538.0,1125.67,6257.0
Rondo,55,0.1073,2.0374,4.1374,1537.0,1859.73,8879.0
Rondo,56,0.0606,2.0467,4.1467,1541.0,1640.06,8072.0
Rondo,57,0.0752,2.0712,4.1712,1541.0,1711.56,8380.0
Rondo,58,0.0167,1.2337,3.3337,1539.0,1045.11,6047.0
Rondo,59,0.063,1.2989,3.3989,1546.0,1282.63,7053.0
Rondo,60,0.1268,2.3504,4.4504,1539.0,2076.59,9589.0
Rondo,61,0.0359,2.4938,4.5938,1536.0,1701.82,8167.0
Rondo,62,0.0808,2.2439,4.3439,1538.0,1793.7,8670.0
Rondo,63,0.0054,1.9501,4.0501,1541.0,1307.81,7051.0
Rondo,64,0.0654,2.2306,4.3306,1536.0,1766.42,8566.0
Rondo,65,0.0378,2.3977,4.4977,1541.0,1701.3,8165.0
Rondo,66,0.1135,2.399,4.499,1543.0,2046.56,9475.0
Rondo,67,0.1443,1.7129,3.8129,1546.0,1866.4,9071.0
Rondo,68,0.0644,1.391,3.491,1537.0,1366.22,7264.0
Rondo,69,0.1455,1.7758,3.8758,1545.0,1958.54,9281.0
Rondo,70,0.1229,2.0689,4.1689,1538.0,1983.27,9289.0
Rondo,71,0.0196,2.3081,4.4081,1541.0,1535.79,7674.0
Rondo,72,0.0254,2.1801,4.2801,1541.0,1523.84,7760.0
Rondo,73,0.0395,1.8865,3.9865,1540.0,1418.5,7457.0
Rondo,74,0.1153,1.9925,4.0925,1544.0,1854.61,8986.0
Rondo,75,0.0822,1.0641,3.1641,1538.0,1262.69,6860.0
Rondo,76,0.1349,1.5318,3.6318,1546.0,1742.69,8768.0
Rondo,77,0.1114,1.7959,3.8959,1540.0,1721.41,8465.0
Rondo,78,0.0134,1.8175,3.9175,1538.0,1272.42,6758.0
Rondo,79,0.001,2.3096,4.4096,1546.0,1475.7,7458.0
Rondo,80,0.0483,2.3036,4.4036,1541.0,1662.97,8175.0
Rondo,81,0.1049,1.1517,3.2517,1541.0,1447.04,7556.0
Rondo,82,0.0166,1.2511,3.3511,1539.0,1056.51,6050.0
Rondo,83,0.1038,2.4823,4.5823,1542.0,2050.59,9374.0
Rondo,84,0.1412,1.1986,3.2986,1538.0,1659.07,8273.0
Rondo,85,0.0738,1.6234,3.7234,1544.0,1492.09,7672.0
Rondo,86,0.1137,2.1624,4.2624,1543.0,1989.58,9283.0
Rondo,87,0.1307,1.8988,3.9988,1541.0,1923.88,8980.0
Rondo,88,0.0806,1.5908,3.6908,1538.0,1510.93,7765.0
Rondo,89,0.0596,1.6324,3.7324,1540.0,1436.04,7464.0
Rondo,90,0.0155,1.3441,3.4441,1540.0,1082.93,6153.0
Rondo,91,0.0256,1.2745,3.3745,1541.0,1126.99,6249.0
Rondo,92,0.1213,1.6502,3.7502,1539.0,1740.98,8566.0
Rondo,93,0.1346,1.0886,3.1886,1545.0,1578.0,7977.0
Rondo,94,0.0544,1.0683,3.1683,1540.0,1191.08,6462.0
Rondo,95,0.0704,1.9123,4.0123,1537.0,1605.96,7960.0
Rondo,96,0.0078,1.8447,3.9447,1539.0,1241.31,6652.0
Rondo,97,0.0499,1.3889,3.4889,1537.0,1287.82,6853.0
Rondo,98,0.1049,1.1556,3.2556,1541.0,1479.2,7657.0
Rondo,99,0.0821,1.94,4.04,1538.0,1664.53,8271.0
Rondo,100,0.0788,1.5554,3.6554,1540.0,1525.87,7771.0
Rondo,101,0.0529,1.2904,3.3904,1541.0,1252.93,6853.0
Rondo,102,0.0582,2.2599,4.3599,1541.0,1698.52,8475.0
Rondo,103,0.0179,2.0534,4.1534,1538.0,1441.77,7472.0
Rondo,104,0.117,1.3555,3.4555,1540.0,1635.98,8071.0
Rondo,105,0.0109,1.7018,3.8018,1542.0,1232.3,6756.0
Rondo,106,0.0784,1.0391,3.1391,1540.0,1287.49,6954.0
Rondo,107,0.0293,2.2976,4.3976,1539.0,1573.74,7859.0
Rondo,108,0.1347,2.002,4.102,1546.0,1947.74,9288.0
Rondo,109,0.0445,1.5373,3.6373,1541.0,1332.94,7152.0
Rondo,110,0.074,1.2281,3.3281,1544.0,1338.3,7166.0
Rondo,111,0.0334,1.0432,3.1432,1538.0,1055.06,5955.0
Rondo,112,0.0135,1.0439,3.1439,1538.0,944.2,5540.0
Rondo,113,0.1219,2.4158,4.5158,1537.0,2052.61,9386.0
Rondo,114,0.1245,2.3387,4.4387,1540.0,2076.9,9590.0
Rondo,115,0.0658,1.0963,3.1963,1537.0,1233.03,6652.0
Rondo,116,0.0072,1.251,3.351,1540.0,1019.96,5849.0
Rondo,117,0.1263,1.3508,3.4508,1540.0,1623.98,8277.0
Rondo,118,0.0927,2.0106,4.1106,1544.0,1814.15,8882.0
Rondo,119,0.1487,1.4623,3.5623,1539.0,1814.74,8667.0
Rondo,120,0.0526,1.8001,3.9001,1540.0,1477.79,7659.0
Rondo,121,0.0141,1.5758,3.6758,1537.0,1192.52,6557.0
Rondo,122,0.0822,1.6567,3.7567,1538.0,1562.7,7968.0
Rondo,123,0.1219,1.0613,3.1613,1537.0,1529.13,7771.0
Rondo,124,0.1341,1.5373,3.6373,1544.0,1787.58,8768.0
Rondo,125,0.0383,1.0108,3.1108,1541.0,1051.09,5955.0
Rondo,126,0.0646,2.3389,4.4389,1536.0,1757.41,8377.0
Rondo,127,0.149,2.0585,4.1585,1540.0,2045.72,9580.0
Rondo,128,0.0549,2.1005,4.2005,1538.0,1655.92,8268.0
Rondo,129,0.0235,1.0593,3.1593,1540.0,994.35,5740.0
Rondo,130,0.0061,1.5699,3.6699,1541.0,1164.7,6459.0
Rondo,131,0.083,1.0541,3.1541,1541.0,1317.11,7164.0
Rondo,132,0.0631,2.4904,4.5904,1546.0,1851.66,8670.0
Rondo,133,0.02,2.1928,4.2928,1541.0,1504.58,7668.0
Rondo,134,0.0918,1.4612,3.5612,1541.0,1543.06,7871.0
Rondo,135,0.0783,1.4782,3.5782,1542.0,1476.31,7670.0
Rondo,136,0.0459,1.553,3.653,1539.0,1333.86,7061.0
Rondo,137,0.1219,1.1015,3.2015,1537.0,1554.5,7675.0
Rondo,138,0.0833,1.2229,3.3229,1540.0,1414.45,7358.0
Rondo,139,0.1103,1.2261,3.3261,1541.0,1543.7,7667.0
Rondo,140,0.0335,1.535,3.635,1538.0,1279.8,6861.0
Rondo,141,0.0246,1.2449,3.3449,1540.0,1091.16,6158.0
Rondo,142,0.1052,1.8436,3.9436,1538.0,1731.0,8473.0
Rondo,143,0.0332,2.243,4.343,1538.0,1591.8,7962.0
Rondo,144,0.0379,2.3465,4.4465,1541.0,1654.56,8064.0
Rondo,145,0.1469,1.3581,3.4581,1540.0,1705.39,8480.0
Rondo,146,0.0367,1.2829,3.3829,1540.0,1168.48,6456.0
Rondo,147,0.0375,1.1125,3.2125,1540.0,1079.37,6055.0
Rondo,148,0.0343,1.357,3.457,1538.0,1194.32,6647.0
Rondo,149,0.0602,2.1576,4.2576,1541.0,1728.06,8465.0
Rondo,150,0.0141,1.858,3.958,1537.0,1308.8,6962.0
Rondo,151,0.1126,1.8082,3.9082,1538.0,1732.52,8468.0
Rondo,152,0.1178,1.5859,3.6859,1539.0,1719.6,8467.0
Rondo,153,0.1256,1.6449,3.7449,1542.0,1788.92,8579.0
Rondo,154,0.0435,2.1327,4.2327,1541.0,1641.22,8070.0
Rondo,155,0.0864,1.6494,3.7494,1539.0,1583.03,7965.0
Rondo,156,0.131,1.177,3.277,1541.0,1552.64,7974.0
Rondo,157,0.119,1.3816,3.4816,1539.0,1663.98,8169.0
Rondo,158,0.0569,2.2149,4.3149,1540.0,1698.84,8469.0
Rondo,159,0.0717,1.6322,3.7322,1536.0,1511.67,7574.0
Rondo,160,0.0175,1.1479,3.2479,1538.0,996.02,5746.0
Rondo,161,0.0878,1.959,4.059,1541.0,1716.19,8571.0
Rondo,162,0.034,1.5793,3.6793,1538.0,1312.26,7061.0
Rondo,163,0.1121,1.1344,3.2344,1538.0,1483.48,7673.0
Rondo,164,0.0976,1.3356,3.4356,1541.0,1491.58,7661.0
Rondo,165,0.1199,2.0382,4.1382,1539.0,1909.88,9076.0
Rondo,166,0.0061,1.9334,4.0334,1541.0,1320.8,7059.0
Rondo,167,0.0091,2.2102,4.3102,1538.0,1458.65,7460.0
Rondo,168,0.0833,1.4949,3.5949,1540.0,1524.86,7972.0
Rondo,169,0.1,1.9086,4.0086,1537.0,1753.29,8571.0
Rondo,170,0.0378,2.4921,4.5921,1541.0,1709.1,8076.0
Rondo,171,0.0507,2.0714,4.1714,1538.0,1592.53,7962.0
Rondo,172,0.0894,1.2957,3.3957,1538.0,1406.76,7465.0
Rondo,173,0.1253,1.4101,3.5101,1542.0,1619.38,8274.0
Rondo,174,0.0573,1.816,3.916,1540.0,1490.59,7571.0
Rondo,175,0.1271,1.6265,3.7265,1538.0,1733.62,8570.0
Rondo,176,0.0403,1.5578,3.6578,1538.0,1311.41,6967.0
Rondo,177,0.1207,2.1794,4.2794,1540.0,1976.61,9381.0
Rondo,178,0.109,2.1718,4.2718,1540.0,1919.22,9178.0
Rondo,179,0.0929,1.975,4.075,1542.0,1793.52,8781.0
Rondo,180,0.0341,2.1515,4.2515,1538.0,1564.62,7966.0
Rondo,181,0.0718,2.4852,4.5852,1536.0,1873.07,8678.0
Rondo,182,0.1268,1.4129,3.5129,1538.0,1712.11,8480.0
Rondo,183,0.1439,1.9999,4.0999,1537.0,2001.07,9384.0
Rondo,184,0.0894,2.3391,4.4391,1538.0,1861.87,8972.0
Rondo,185,0.0578,1.2983,3.3983,1542.0,1284.28,6950.0
Rondo,186,0.1284,2.3623,4.4623,1539.0,2101.0,9677.0
Rondo,187,0.0847,1.9416,4.0416,1539.0,1673.4,8369.0
Rondo,188,0.0162,1.9938,4.0938,1539.0,1384.31,7260.0
Rondo,189,0.1351,2.1693,4.2693,1546.0,2026.12,9482.0
Rondo,190,0.114,1.8764,3.9764,1543.0,1798.46,8674.0
Rondo,191,0.1127,1.6231,3.7231,1538.0,1702.09,8376.0
Rondo,192,0.0743,1.5539,3.6539,1544.0,1487.44,7674.0
Rondo,193,0.0638,1.9353,4.0353,1546.0,1605.36,8063.0
Rondo,194,0.0279,2.376,4.476,1540.0,1622.02,7875.0
Rondo,195,0.0347,1.8025,3.9025,1539.0,1358.45,7159.0
Rondo,196,0.029,2.2724,4.3724,1539.0,1583.34,7867.0
Rondo,197,0.0562,1.7306,3.8306,1538.0,1437.59,7472.0
Rondo,198,0.0105,2.2479,4.3479,1542.0,1479.46,7571.0
Rondo,199,0.0599,1.4024,3.5024,1540.0,1382.1,7161.0
Rondo,200,0.0433,2.4824,4.5824,1544.0,1725.49,8271.0
Rondo,201,0.0135,1.71,3.81,1538.0,1218.75,6661.0
Rondo,202,0.0515,1.827,3.927,1542.0,1474.32,7656.0
Rondo,203,0.1292,1.2623,3.3623,1540.0,1611.26,8173.0
Rondo,204,0.0714,1.1798,3.2798,1536.0,1262.63,6858.0
Rondo,205,0.1463,1.3455,3.4455,1544.0,1694.45,8465.0
Rondo,206,0.0864,1.453,3.553,1537.0,1494.55,7863.0
Rondo,207,0.0057,1.8349,3.9349,1541.0,1241.2,6662.0
Rondo,208,0.0353,1.876,3.976,1537.0,1432.23,7365.0
Rondo,209,0.02,1.3181,3.4181,1541.0,1105.96,6150.0
Rondo,210,0.0424,1.2339,3.3339,1542.0,1185.99,6556.0
Rondo,211,0.0919,2.1039,4.2039,1541.0,1784.54,8880.0
Rondo,212,0.0831,2.2077,4.3077,1541.0,1803.48,8675.0
Rondo,213,0.0536,2.401,4.501,1542.0,1768.94,8378.0
Rondo,214,0.0516,1.2437,3.3437,1542.0,1237.81,6756.0
Rondo,215,0.0851,1.3622,3.4622,1538.0,1444.58,7461.0
Rondo,216,0.0133,1.9269,4.0269,1538.0,1327.75,7063.0
Rondo,217,0.0093,1.7921,3.8921,1538.0,1231.44,6652.0
Rondo,218,0.0731,2.2742,4.3742,1546.0,1800.5,8681.0
Rondo,219,0.0236,1.8792,3.9792,1538.0,1369.78,7157.0
Rondo,220,0.1342,1.4139,3.5139,1544.0,1655.19,8364.0
Rondo,221,0.0411,2.4831,4.5831,1539.0,1725.41,8266.0
Rondo,222,0.0617,2.1266,4.2266,1540.0,1683.3,8176.0
Rondo,223,0.0046,1.5117,3.6117,1539.0,1119.47,6254.0
Rondo,224,0.0626,1.8265,3.9265,1546.0,1546.55,7872.0
Rondo,225,0.0969,2.2862,4.3862,1540.0,1897.87,9184.0
Rondo,226,0.0245,1.0789,3.1789,1540.0,1010.83,5847.0
Rondo,227,0.094,1.0557,3.1557,1543.0,1336.87,7066.0
Rondo,228,0.0974,1.2307,3.3307,1541.0,1412.74,7368.0
Rondo,229,0.1305,1.5264,3.6264,1541.0,1740.16,8566.0
Rondo,230,0.0877,2.3208,4.4208,1541.0,1860.35,8882.0
Rondo,231,0.0217,1.5076,3.6076,1542.0,1221.22,6750.0
Rondo,232,0.0865,2.1637,4.2637,1539.0,1821.13,8778.0
Rondo,233,0.0397,1.5525,3.6525,1540.0,1300.44,7053.0
Rondo,234,0.044,1.6334,3.7334,1541.0,1364.27,7253.0
Rondo,235,0.02,1.4647,3.5647,1541.0,1156.93,6463.0
Rondo,236,0.0668,2.2691,4.3691,1537.0,1784.12,8569.0
Rondo,237,0.085,2.4634,4.5634,1539.0,1928.71,8976.0
Rondo,238,0.056,2.3534,4.4534,1538.0,1736.79,8380.0
Rondo,239,0.1131,1.204,3.304,1540.0,1492.05,7760.0
Rondo,240,0.0026,1.8031,3.9031,1541.0,1221.74,6647.0
Rondo,241,0.0109,2.0878,4.1878,1541.0,1424.56,7462.0
Rondo,242,0.115,2.4685,4.5685,1542.0,2114.11,9475.0
Rondo,243,0.0385,1.5925,3.6925,1542.0,1326.42,7067.0
Rondo,244,0.0503,1.6501,3.7501,1538.0,1388.73,7461.0
Rondo,245,0.1263,1.4239,3.5239,1540.0,1655.32,8373.0
Rondo,246,0.0044,1.0907,3.1907,1540.0,918.16,5350.0
Rondo,247,0.1313,2.2704,4.3704,1540.0,2056.84,9592.0
Rondo,248,0.0122,1.0982,3.1982,1541.0,974.84,5554.0
Rondo,249,0.0793,2.3861,4.4861,1540.0,1884.92,8776.0
Rondo,250,0.143,2.31,4.41,1536.0,2134.93,9879.0
Rondo,251,0.0917,1.7659,3.8659,1541.0,1672.75,8271.0
Rondo,252,0.0096,1.6576,3.7576,1540.0,1200.73,6654.0
Rondo,253,0.0688,2.0356,4.1356,1537.0,1674.2,8279.0
Rondo,254,0.1275,1.5335,3.6335,1538.0,1686.7,8470.0
Rondo,255,0.1249,1.1727,3.2727,1541.0,1590.37,8071.0
Rondo,256,0.045,1.2175,3.3175,1540.0,1207.61,6649.0
Rondo,257,0.0647,1.5227,3.6227,1536.0,1397.93,7363.0
Rondo,258,0.0379,1.82,3.92,1541.0,1385.38,7258.0
Rondo,259,0.0506,1.7075,3.8075,1538.0,1405.61,7364.0
Rondo,260,0.0637,1.8202,3.9202,1546.0,1530.78,7864.0
Rondo,261,0.0765,1.4583,3.5583,1540.0,1424.04,7467.0
Rondo,262,0.0942,1.9522,4.0522,1543.0,1788.37,8771.0
Rondo,263,0.0073,1.9153,4.0153,1540.0,1263.32,6764.0
Rondo,264,0.0122,1.6016,3.7016,1541.0,1203.28,6654.0
Rondo,265,0.1233,1.0721,3.1721,1538.0,1482.87,7760.0
Rondo,266,0.1308,2.4684,4.5684,1541.0,2165.18,9790.0
Rondo,267,0.0218,1.3178,3.4178,1542.0,1112.18,6249.0
Rondo,268,0.111,1.9026,4.0026,1541.0,1792.68,8683.0
Rondo,269,0.0209,1.6894,3.7894,1542.0,1270.79,6856.0
Rondo,270,0.0847,1.4085,3.5085,1539.0,1482.98,7760.0
Rondo,271,0.111,1.8911,3.9911,1541.0,1819.25,8767.0
Rondo,272,0.0336,1.0757,3.1757,1539.0,1045.82,6057.0
Rondo,273,0.0688,1.2807,3.3807,1537.0,1336.51,7064.0
Rondo,274,0.0454,1.3662,3.4662,1539.0,1252.04,6855.0
Rondo,275,0.1088,1.6503,3.7503,1540.0,1657.23,8272.0
Rondo,276,0.0066,1.3974,3.4974,1540.0,1116.39,6043.0
Rondo,277,0.0017,2.3677,4.4677,1544.0,1533.42,7469.0
Rondo,278,0.0964,1.9726,4.0726,1540.0,1749.14,8472.0
Rondo,279,0.1204,1.4278,3.5278,1541.0,1644.81,8371.0
Rondo,280,0.1134,1.0446,3.1446,1543.0,1419.88,7463.0
Rondo,281,0.099,1.2075,3.3075,1540.0,1431.81,7470.0
Rondo,282,0.1067,2.0111,4.1111,1539.0,1834.78,8880.0
Rondo,283,0.1386,1.7965,3.8965,1537.0,1928.79,8987.0
Rondo,284,0.1399,2.4616,4.5616,1538.0,2213.58,9893.0
Rondo,285,0.094,2.0091,4.1091,1543.0,1789.06,8773.0
Rondo,286,0.0117,2.2314,4.3314,1540.0,1490.63,7567.0
Rondo,287,0.0119,2.3404,4.4404,1540.0,1503.91,7564.0
Rondo,288,0.0216,1.789,3.889,1542.0,1309.32,6958.0
Rondo,289,0.127,1.5604,3.6604,1538.0,1709.63,8467.0
Rondo,290,0.03,2.3417,4.4417,1538.0,1602.85,7861.0
Rondo,291,0.0999,1.4983,3.5983,1540.0,1576.04,7873.0
Rondo,292,0.0449,1.857,3.957,1540.0,1434.67,7457.0
Rondo,293,0.0529,1.202,3.302,1541.0,1240.02,6763.0
Rondo,294,0.0677,1.0428,3.1428,1538.0,1206.3,6759.0
Rondo,295,0.1069,2.1925,4.2925,1539.0,1918.92,9177.0
Rondo,296,0.041,1.2202,3.3202,1539.0,1152.53,6354.0
Rondo,297,0.1424,1.9492,4.0492,1536.0,2002.73,9389.0
Rondo,298,0.0867,1.3619,3.4619,1539.0,1472.84,7567.0
Rondo,299,0.1212,1.3363,3.4363,1539.0,1606.87,8164.0
Rondo,300,0.1205,1.1707,3.2707,1540.0,1573.35,7968.0
Rondo,301,0.0574,1.9291,4.0291,1540.0,1545.58,7664.0
Rondo,302,0.1281,1.8111,3.9111,1538.0,1863.21,8776.0
Rondo,303,0.0918,1.5467,3.6467,1541.0,1551.33,7960.0
Rondo,304,0.1295,1.6895,3.7895,1540.0,1835.28,8772.0
Rondo,305,0.1172,1.3725,3.4725,1540.0,1599.8,8164.0
Rondo,306,0.1352,1.597,3.697,1546.0,1848.18,8882.0
Rondo,307,0.1339,1.5958,3.6958,1544.0,1796.47,8780.0
Rondo,308,0.0726,1.6768,3.7768,1546.0,1537.73,7768.0
Rondo,309,0.0143,1.9163,4.0163,1537.0,1317.41,7053.0
Rondo,310,0.0743,1.963,4.063,1544.0,1652.73,8266.0
Rondo,311,0.1125,1.8875,3.9875,1538.0,1803.8,8672.0
Rondo,312,0.1146,1.3502,3.4502,1542.0,1581.43,8068.0
Rondo,313,0.109,2.1928,4.2928,1540.0,1946.48,9276.0
Rondo,314,0.0406,1.1576,3.2576,1538.0,1162.32,6354.0
Rondo,315,0.0515,2.0476,4.1476,1542.0,1599.61,8066.0
Rondo,316,0.0465,2.329,4.429,1538.0,1667.23,8173.0
Rondo,317,0.0234,2.3436,4.4436,1540.0,1559.33,7766.0
Rondo,318,0.1179,1.7165,3.8165,1539.0,1769.89,8770.0
Rondo,319,0.117,1.9473,4.0473,1540.0,1854.06,8970.0
Rondo,320,0.0677,1.2717,3.3717,1538.0,1313.52,7061.0
Rondo,321,0.0893,1.9859,4.0859,1538.0,1721.79,8568.0
Rondo,322,0.1039,2.3558,4.4558,1542.0,1989.16,9376.0
Rondo,323,0.0113,1.0435,3.1435,1540.0,947.6,5546.0
Rondo,324,0.1193,2.3268,4.4268,1539.0,2021.02,9478.0
Rondo,325,0.12,2.168,4.268,1540.0,1998.35,9379.0
Rondo,326,0.0483,1.2451,3.3451,1541.0,1222.07,6748.0
Rondo,327,0.0675,1.4927,3.5927,1538.0,1432.83,7471.0
Rondo,328,0.1477,1.3294,3.4294,1541.0,1747.99,8481.0
Rondo,329,0.1082,2.3307,4.4307,1540.0,2012.95,9281.0
Rondo,330,0.0792,2.1969,4.2969,1540.0,1769.79,8667.0
Rondo,331,0.0733,1.4938,3.5938,1546.0,1466.85,7571.0
Rondo,332,0.0227,2.4067,4.5067,1543.0,1616.1,7873.0
Rondo,333,0.1345,1.8041,3.9041,1545.0,1858.44,8981.0
Rondo,334,0.1491,1.8475,3.9475,1541.0,1964.63,9179.0
Rondo,335,0.065,1.1352,3.2352,1536.0,1218.5,6752.0
Rondo,336,0.0008,1.1856,3.2856,1546.0,995.57,5744.0
Rondo,337,0.0048,1.941,4.041,1540.0,1326.82,6963.0
Rondo,338,0.0094,2.1205,4.2205,1539.0,1429.99,7365.0
Rondo,339,0.0445,1.346,3.446,1541.0,1222.48,6665.0
Rondo,340,0.0201,1.3443,3.4443,1541.0,1120.03,6250.0
Rondo,341,0.1186,2.3467,4.4467,1538.0,2053.42,9374.0
Rondo,342,0.0341,1.5087,3.6087,1538.0,1263.14,6866.0
Rondo,343,0.1344,2.0338,4.1338,1544.0,1974.63,9385.0
Rondo,344,0.012,2.2129,4.3129,1541.0,1489.47,7567.0
Rondo,345,0.0485,1.5462,3.6462,1541.0,1358.06,7363.0
Rondo,346,0.0768,2.2658,4.3658,1539.0,1832.4,8678.0
Rondo,347,0.0071,1.2548,3.3548,1540.0,1018.32,5850.0
Rondo,348,0.0768,1.0618,3.1618,1539.0,1293.12,7062.0
Rondo,349,0.0661,2.1225,4.2225,1537.0,1703.26,8380.0
Rondo,350,0.0787,2.3698,4.4698,1540.0,1865.25,8771.0
Rondo,351,0.1297,2.4698,4.5698,1542.0,2099.3,9683.0
Rondo,352,0.0345,1.1657,3.2657,1539.0,1119.37,6259.0
Rondo,353,0.0825,2.3546,4.4546,1542.0,1867.18,8880.0
Rondo,354,0.0628,2.1766,4.2766,1546.0,1709.14,8367.0
Rondo,355,0.0135,1.5135,3.6135,1538.0,1151.32,6447.0
Rondo,356,0.1314,1.343,3.443,1539.0,1667.16,8177.0
Rondo,357,0.0987,1.2368,3.3368,1540.0,1504.56,7663.0
Rondo,358,0.1077,2.1463,4.2463,1537.0,1937.58,9175.0
Rondo,359,0.1187,2.4706,4.5706,1538.0,2101.56,9576.0
Rondo,360,0.0386,1.2392,3.3392,1542.0,1164.11,6445.0
Rondo,361,0.0696,1.5597,3.6597,1537.0,1424.19,7462.0
Rondo,362,0.1131,1.8193,3.9193,1543.0,1761.08,8671.0
Rondo,363,0.038,2.447,4.547,1541.0,1725.23,8176.0
Rondo,364,0.0108,1.6273,3.7273,1542.0,1201.04,6750.0
Rondo,365,0.053,2.1024,4.2024,1541.0,1640.44,8271.0
Rondo,366,0.0549,1.5923,3.6923,1538.0,1398.6,7267.0
Rondo,367,0.0314,1.0756,3.1756,1542.0,1061.33,6058.0
Rondo,368,0.0966,1.6226,3.7226,1540.0,1599.74,8170.0
Rondo,369,0.0776,1.5532,3.6532,1541.0,1535.0,7869.0
Rondo,370,0.0341,1.8225,3.9225,1538.0,1390.35,7265.0
Rondo,371,0.1473,1.365,3.465,1541.0,1751.12,8479.0
Rondo,372,0.0625,1.7129,3.8129,1545.0,1478.18,7566.0
Rondo,373,0.0487,1.5983,3.6983,1540.0,1364.95,7264.0
Rondo,374,0.0417,1.3352,3.4352,1543.0,1201.65,6649.0
Rondo,375,0.0999,1.2851,3.3851,1540.0,1491.85,7758.0
Rondo,376,0.1034,1.5268,3.6268,1542.0,1637.95,8169.0
Rondo,377,0.0837,1.0564,3.1564,1540.0,1264.02,6965.0
Rondo,378,0.1144,1.9246,4.0246,1542.0,1792.98,8667.0
Rondo,379,0.1007,1.3424,3.4424,1537.0,1482.36,7663.0
Rondo,380,0.0027,1.0085,3.1085,1541.0,891.93,5242.0
Rondo,381,0.129,1.4952,3.5952,1540.0,1704.33,8375.0
Rondo,382,0.0864,1.6906,3.7906,1539.0,1590.29,8074.0
Rondo,383,0.0029,1.1336,3.2336,1540.0,938.03,5447.0
Rondo,384,0.1091,1.8058,3.9058,1540.0,1729.57,8366.0
Rondo,385,0.0855,1.4851,3.5851,1538.0,1494.61,7866.0
Rondo,386,0.067,2.0631,4.1631,1538.0,1675.79,8269.0
Rondo,387,0.0798,2.3877,4.4877,1540.0,1870.41,8784.0
Rondo,388,0.0921,1.2676,3.3676,1541.0,1425.62,7367.0
Rondo,389,0.1338,1.6686,3.7686,1544.0,1819.35,8871.0
Rondo,390,0.1496,1.9216,4.0216,1541.0,1973.82,9385.0
Rondo,391,0.1475,2.4716,4.5716,1541.0,2232.0,9983.0
Rondo,392,0.1437,1.9796,4.0796,1536.0,1986.54,9475.0
Rondo,393,0.0351,2.3991,4.4991,1539.0,1667.33,8077.0
Rondo,394,0.0955,1.6005,3.7005,1538.0,1612.98,8162.0
Rondo,395,0.1306,2.361,4.461,1541.0,2147.12,9789.0
Rondo,396,0.0848,1.7151,3.8151,1539.0,1623.58,8073.0
Rondo,397,0.0347,2.0922,4.1922,1539.0,1567.9,7875.0
Rondo,398,0.1008,1.1235,3.2235,1537.0,1409.93,7360.0
Rondo,399,0.0859,2.4415,4.5415,1538.0,1948.7,8984.0
Rondo,400,0.0253,1.836,3.936,1541.0,1335.48,7056.0
Rondo,401,0.072,1.2248,3.3248,1541.0,1338.97,7066.0
Rondo,402,0.046,1.2634,3.3634,1537.0,1215.58,6647.0
Rondo,403,0.0555,1.8956,3.9956,1538.0,1509.15,7672.0
Rondo,404,0.0661,1.7448,3.8448,1537.0,1510.6,7669.0
Rondo,405,0.0836,1.3823,3.4823,1540.0,1472.8,7569.0
Rondo,406,0.0923,2.0481,4.1481,1541.0,1784.24,8678.0
Rondo,407,0.0806,1.06,3.16,1538.0,1312.9,6865.0
Rondo,408,0.0031,1.6827,3.7827,1540.0,1179.52,6462.0
Rondo,409,0.0079,1.7836,3.8836,1539.0,1230.12,6647.0
Rondo,410,0.1225,2.0841,4.1841,1538.0,1934.14,9185.0
Rondo,411,0.0343,2.013,4.113,1538.0,1488.24,7672.0
Rondo,412,0.0567,2.3525,4.4525,1540.0,1731.9,8467.0
Rondo,413,0.1206,1.1822,3.2822,1540.0,1527.31,7866.0
Rondo,414,0.0345,1.406,3.506,1539.0,1207.67,6653.0
Rondo,415,0.087,2.321,4.421,1539.0,1846.79,8778.0
Rondo,416,0.1318,2.3909,4.4909,1540.0,2127.84,9690.0
Rondo,417,0.0527,1.4554,3.5554,1540.0,1317.88,7058.0
Rondo,418,0.0941,2.3411,4.4411,1543.0,1880.53,9073.0
Rondo,419,0.0703,1.0571,3.1571,1537.0,1202.73,6649.0
Rondo,420,0.1477,1.7887,3.8887,1541.0,1888.6,9070.0
Rondo,421,0.0657,1.3571,3.4571,1536.0,1367.19,7164.0
Rondo,422,0.0709,2.4658,4.5658,1536.0,1870.11,8774.0
Rondo,423,0.0654,1.7327,3.8327,1536.0,1515.23,7671.0
Rondo,424,0.0947,1.5876,3.6876,1543.0,1589.49,8164.0
Rondo,425,0.0973,1.2304,3.3304,1541.0,1461.41,7556.0
Rondo,426,0.1426,1.8036,3.9036,1536.0,1877.76,8986.0
Rondo,427,0.0498,2.4463,4.5463,1537.0,1769.17,8379.0
Rondo,428,0.0784,2.3675,4.4675,1541.0,1845.43,8770.0
Rondo,429,0.0167,1.0655,3.1655,1539.0,990.52,5646.0
Rondo,430,0.1093,1.4896,3.5896,1540.0,1623.16,8263.0
Rondo,431,0.1264,1.6361,3.7361,1540.0,1739.85,8578.0
Rondo,432,0.1112,1.7912,3.8912,1540.0,1795.73,8677.0
Rondo,433,0.0974,1.9547,4.0547,1541.0,1753.75,8572.0
Rondo,434,0.0012,1.3258,3.4258,1546.0,1045.98,5855.0
Rondo,435,0.1017,2.4252,4.5252,1539.0,2007.17,9390.0
Rondo,436,0.117,2.212,4.312,1540.0,1974.89,9186.0
Rondo,437,0.1017,1.0076,3.1076,1539.0,1402.34,7354.0
Rondo,438,0.0529,1.1751,3.2751,1541.0,1242.37,6764.0
Rondo,439,0.0896,1.2167,3.3167,1538.0,1389.55,7271.0
Rondo,440,0.0452,1.3464,3.4464,1540.0,1212.27,6651.0
Rondo,441,0.0709,2.0399,4.1399,1536.0,1680.88,8367.0
Rondo,442,0.0464,1.2384,3.3384,1538.0,1233.16,6750.0
Rondo,443,0.0734,1.595,3.695,1546.0,1500.26,7761.0
Rondo,444,0.1161,1.7855,3.8855,1541.0,1786.1,8677.0
Rondo,445,0.0905,2.2586,4.3586,1539.0,1867.95,8881.0
Rondo,446,0.0804,1.8159,3.9159,1538.0,1602.01,7965.0
Rondo,447,0.1002,1.0597,3.1597,1538.0,1432.74,7365.0
Rondo,448,0.0819,1.1482,3.2482,1540.0,1343.56,7062.0
Rondo,449,0.1311,1.3409,3.4409,1541.0,1655.07,8265.0
Rondo,450,0.1201,1.0691,3.1691,1541.0,1442.59,7668.0
Rondo,451,0.059,1.2348,3.3348,1541.0,1255.88,6952.0
Rondo,452,0.0293,1.5436,3.6436,1539.0,1265.71,6954.0
Rondo,453,0.1456,1.7622,3.8622,1545.0,1900.39,9171.0
Rondo,454,0.0898,1.916,4.016,1538.0,1720.61,8578.0
Rondo,455,0.0237,1.6603,3.7603,1538.0,1274.04,6856.0
Rondo,456,0.1414,1.4642,3.5642,1538.0,1777.93,8679.0
Rondo,457,0.0522,1.5029,3.6029,1540.0,1360.23,7257.0
Rondo,458,0.0313,1.015,3.115,1542.0,1019.45,5856.0
Rondo,459,0.1186,1.0277,3.1277,1538.0,1465.23,7673.0
Rondo,460,0.0031,2.0267,4.1267,1540.0,1347.7,7056.0
Rondo,461,0.0981,2.4892,4.5892,1541.0,1993.52,9389.0
Rondo,462,0.0942,2.1062,4.2062,1543.0,1893.06,9174.0
Rondo,463,0.1205,1.3092,3.4092,1540.0,1596.17,8162.0
Rondo,464,0.0649,1.443,3.543,1536.0,1375.29,7258.0
Rondo,465,0.0847,1.2097,3.3097,1539.0,1393.81,7555.0
Rondo,466,0.0842,1.1869,3.2869,1541.0,1375.36,7261.0
Rondo,467,0.1465,1.7511,3.8511,1541.0,1859.93,8885.0
Rondo,468,0.0123,2.0863,4.1863,1541.0,1435.85,7555.0
Rondo,469,0.1495,1.9083,4.0083,1541.0,2019.86,9484.0
Rondo,470,0.1325,2.3866,4.4866,1541.0,2111.27,9781.0
Rondo,471,0.1082,1.6079,3.7079,1540.0,1681.14,8368.0
Rondo,472,0.1242,1.6438,3.7438,1540.0,1753.07,8570.0
Rondo,473,0.1002,1.767,3.867,1538.0,1677.6,8369.0
Rondo,474,0.1162,1.5713,3.6713,1541.0,1675.38,8381.0
Rondo,475,0.1335,1.8408,3.9408,1540.0,1882.33,8980.0
Rondo,476,0.1382,1.4238,3.5238,1537.0,1680.27,8465.0
Rondo,477,0.0215,2.4019,4.5019,1542.0,1623.23,7775.0
Rondo,478,0.1343,2.0741,4.1741,1544.0,2003.14,9485.0
Rondo,479,0.0569,2.1967,4.2967,1540.0,1720.96,8370.0
Rondo,480,0.0064,2.2443,4.3443,1540.0,1467.53,7467.0
Rondo,481,0.1034,1.4372,3.5372,1542.0,1598.26,7976.0
Rondo,482,0.0651,1.7435,3.8435,1536.0,1479.6,7662.0
Rondo,483,0.0415,1.7165,3.8165,1543.0,1393.56,7364.0
Rondo,484,0.0593,1.0238,3.1238,1541.0,1140.88,6344.0
Rondo,485,0.1309,2.2851,4.3851,1541.0,2065.35,9478.0
Rondo,486,0.0901,2.3353,4.4353,1540.0,1897.43,8978.0
Rondo,487,0.0162,1.6075,3.7075,1539.0,1226.1,6756.0
Rondo,488,0.0133,1.757,3.857,1538.0,1233.42,6750.0
Rondo,489,0.0034,1.599,3.699,1541.0,1159.97,6452.0
Rondo,490,0.0057,2.2238,4.3238,1541.0,1451.78,7458.0
Rondo,491,0.0227,1.6849,3.7849,1543.0,1279.91,6952.0
Rondo,492,0.0057,2.4258,4.5258,1541.0,1557.51,7565.0
Rondo,493,0.0018,1.5721,3.6721,1544.0,1173.38,6458.0
Rondo,494,0.0208,2.0919,4.1919,1542.0,1459.23,7567.0
Rondo,495,0.12,2.2459,4.3459,1537.0,2013.8,9290.0
Rondo,496,0.0025,2.4637,4.5637,1541.0,1544.32,7466.0
Rondo,497,0.1184,2.1933,4.2933,1538.0,1980.98,9373.0
Rondo,498,0.018,1.5149,3.6149,1538.0,1239.55,6548.0
Rondo,499,0.0492,1.1137,3.2137,1539.0,1135.01,6352.0
Rondo,500,0.0229,1.9459,4.0459,1540.0,1392.65,7364.0
Rondo,501,0.0982,2.1319,4.2319,1541.0,1831.76,8872.0
Rondo,502,0.1478,1.3293,3.4293,1541.0,1755.52,8573.0
Rondo,503,0.0711,2.1086,4.2086,1536.0,1747.72,8566.0
Rondo,504,0.1453,1.4679,3.5679,1546.0,1786.65,8770.0
Rondo,505,0.015,2.1856,4.2856,1539.0,1488.57,7668.0
Rondo,506,0.1086,1.6372,3.7372,1540.0,1675.08,8280.0
Rondo,507,0.0049,1.0872,3.1872,1540.0,923.0,5439.0
Rondo,508,0.094,2.4943,4.5943,1543.0,1988.01,9273.0
Rondo,509,0.1013,2.1307,4.2307,1539.0,1897.51,9079.0
Rondo,510,0.0334,1.4503,3.5503,1538.0,1216.39,6654.0
Rondo,511,0.0288,1.4829,3.5829,1537.0,1210.36,6559.0
Rondo,512,0.0076,1.7025,3.8025,1540.0,1205.96,6561.0
Rondo,513,0.0096,2.2176,4.3176,1539.0,1456.4,7458.0
Rondo,514,0.1496,1.8641,3.9641,1541.0,2020.29,9388.0
Rondo,515,0.0634,1.7996,3.8996,1546.0,1540.38,7864.0
Rondo,516,0.0461,1.7849,3.8849,1537.0,1408.02,7258.0
Rondo,517,0.0326,1.0824,3.1824,1542.0,1066.86,6053.0
Rondo,518,0.0226,1.4807,3.5807,1543.0,1193.99,6548.0
Rondo,519,0.117,2.2167,4.3167,1540.0,1961.81,9086.0
Rondo,520,0.0799,2.4594,4.5594,1539.0,1873.0,8774.0
Rondo,521,0.0725,1.4665,3.5665,1546.0,1460.86,7566.0
Rondo,522,0.0898,1.6013,3.7013,1538.0,1549.26,7868.0
Rondo,523,0.051,1.4999,3.5999,1538.0,1339.02,7163.0
Rondo,524,0.137,1.5986,3.6986,1536.0,1805.3,8772.0
Rondo,525,0.0753,2.4201,4.5201,1541.0,1864.43,8675.0
Rondo,526,0.1119,1.5149,3.6149,1540.0,1664.08,8173.0
Rondo,527,0.1201,1.0202,3.1202,1541.0,1465.45,7669.0
Rondo,528,0.0183,1.9701,4.0701,1539.0,1391.69,7271.0
Rondo,529,0.1224,2.3219,4.4219,1538.0,1982.3,9377.0
Rondo,530,0.1165,1.9291,4.0291,1541.0,1834.27,8869.0
Rondo,531,0.0287,1.8994,3.9994,1537.0,1376.2,7165.0
Rondo,532,0.1453,1.9693,4.0693,1546.0,1990.43,9385.0
Rondo,533,0.1148,2.0614,4.1614,1542.0,1862.86,8974.0
Rondo,534,0.0252,1.6308,3.7308,1541.0,1295.23,6849.0
Rondo,535,0.0125,2.4582,4.5582,1541.0,1567.29,7669.0
Rondo,536,0.0067,1.9812,4.0812,1540.0,1362.81,7151.0
Rondo,537,0.1374,2.1354,4.2354,1536.0,2040.28,9491.0
Rondo,538,0.0171,2.4959,4.5959,1539.0,1596.46,7772.0
Rondo,539,0.1467,1.0786,3.1786,1541.0,1659.87,8274.0
Rondo,540,0.0703,1.0067,3.1067,1537.0,1205.58,6749.0
Rondo,541,0.0906,1.1994,3.2994,1539.0,1423.2,7371.0
Rondo,542,0.1488,2.1196,4.2196,1540.0,2125.07,9896.0
Rondo,543,0.1009,1.9915,4.0915,1539.0,1843.89,8978.0
Rondo,544,0.0678,2.36,4.46,1538.0,1840.97,8666.0
Rondo,545,0.0863,2.3547,4.4547,1537.0,1900.71,8882.0
Rondo,546,0.0386,2.4808,4.5808,1542.0,1690.63,8061.0
Rondo,547,0.0461,1.6144,3.7144,1537.0,1365.06,7168.0
Rondo,548,0.0899,2.13,4.23,1538.0,1847.06,8975.0
Rondo,549,0.1187,2.4733,4.5733,1538.0,2113.98,9475.0
Rondo,550,0.0172,2.0475,4.1475,1538.0,1425.14,7455.0
Rondo,551,0.1017,1.9771,4.0771,1539.0,1766.62,8669.0
Rondo,552,0.0339,2.0126,4.1126,1538.0,1482.76,7668.0
Rondo,553,0.1109,1.7937,3.8937,1541.0,1738.68,8565.0
Rondo,554,0.0714,2.4644,4.5644,1536.0,1843.7,8684.0
Rondo,555,0.0011,1.8884,3.9884,1546.0,1257.95,6748.0
Rondo,556,0.1231,1.6635,3.7635,1538.0,1739.49,8480.0
Rondo,557,0.0388,1.1792,3.2792,1541.0,1139.44,6346.0
Rondo,558,0.0556,1.1171,3.2171,1538.0,1217.69,6453.0
Rondo,559,0.0734,1.5267,3.6267,1546.0,1464.79,7570.0
Rondo,560,0.0993,2.0586,4.1586,1540.0,1877.0,9071.0
Rondo,561,0.1095,1.2158,3.3158,1540.0,1543.75,7859.0
Rondo,562,0.0795,1.8968,3.9968,1540.0,1638.7,8167.0
Rondo,563,0.1387,1.7226,3.8226,1537.0,1870.93,8986.0
Rondo,564,0.1062,1.1545,3.2545,1538.0,1503.63,7463.0
Rondo,565,0.1021,2.3332,4.4332,1538.0,1998.41,9188.0
Rondo,566,0.0012,1.0128,3.1128,1546.0,904.14,5250.0
Rondo,567,0.0926,1.4367,3.5367,1544.0,1506.4,7871.0
Rondo,568,0.1382,2.4985,4.5985,1537.0,2182.74,9980.0
Rondo,569,0.1286,1.1248,3.2248,1540.0,1561.62,7965.0
Rondo,570,0.0107,2.2526,4.3526,1542.0,1490.69,7657.0
Rondo,571,0.0298,2.0185,4.1185,1538.0,1493.98,7660.0
Rondo,572,0.045,1.0272,3.1272,1540.0,1112.36,6249.0
Rondo,573,0.0973,2.2907,4.3907,1541.0,1930.89,9185.0
Rondo,574,0.0269,1.4983,3.5983,1540.0,1224.62,6662.0
Rondo,575,0.0179,2.0679,4.1679,1538.0,1426.41,7465.0
Rondo,576,0.0031,1.1358,3.2358,1540.0,954.7,5546.0
Rondo,577,0.0265,1.9421,4.0421,1541.0,1399.62,7369.0
Rondo,578,0.0398,2.1001,4.2001,1540.0,1578.85,7965.0
Rondo,579,0.0516,1.9456,4.0456,1542.0,1542.04,7862.0
Rondo,580,0.0262,1.5443,3.6443,1541.0,1259.34,6854.0
Rondo,581,0.0253,1.85,3.95,1541.0,1340.09,7064.0
Rondo,582,0.0333,1.0334,3.1334,1538.0,1036.88,5948.0
Rondo,583,0.0523,1.0498,3.1498,1540.0,1149.59,6362.0
Rondo,584,0.0293,1.9985,4.0985,1539.0,1441.27,7467.0
Rondo,585,0.0444,2.41,4.51,1541.0,1712.83,8177.0
Rondo,586,0.0436,2.1921,4.2921,1541.0,1616.38,8074.0
Rondo,587,0.0265,1.7472,3.8472,1541.0,1307.83,7051.0
Rondo,588,0.0624,1.6941,3.7941,1544.0,1481.52,7660.0
Rondo,589,0.085,1.4821,3.5821,1539.0,1498.12,7761.0
Rondo,590,0.052,1.2436,3.3436,1540.0,1257.17,6765.0
Rondo,591,0.0916,1.7619,3.8619,1541.0,1599.85,8075.0
Rondo,592,0.1402,1.0403,3.1403,1538.0,1516.09,7769.0
Rondo,593,0.0233,1.9125,4.0125,1540.0,1389.11,7255.0
Rondo,594,0.1079,2.0303,4.1303,1537.0,1821.11,8776.0
Rondo,595,0.008,1.1353,3.2353,1539.0,968.02,5643.0
Rondo,596,0.099,1.4145,3.5145,1540.0,1527.31,7774.0
Rondo,597,0.0484,1.2793,3.3793,1541.0,1224.4,6657.0
Rondo,598,0.0392,1.883,3.983,1540.0,1414.76,7364.0
Rondo,599,0.1146,1.1544,3.2544,1542.0,1510.48,7669.0
Rondo,600,0.1445,2.2801,4.3801,1546.0,2143.03,9879.0
Rondo,601,0.0809,1.4426,3.5426,1538.0,1459.35,7556.0
Rondo,602,0.0133,1.8301,3.9301,1538.0,1267.29,6761.0
Rondo,603,0.0777,1.2884,3.3884,1541.0,1406.26,7565.0
Rondo,604,0.0993,1.9342,4.0342,1540.0,1754.25,8669.0
Rondo,605,0.0543,1.7701,3.8701,1540.0,1448.28,7568.0
Rondo,606,0.0753,1.6052,3.7052,1541.0,1474.34,7662.0
Rondo,607,0.0314,1.7829,3.8829,1542.0,1339.71,7160.0
Rondo,608,0.0212,1.4192,3.5192,1542.0,1138.04,6353.0
Rondo,609,0.1104,1.8719,3.9719,1542.0,1794.57,8684.0
Rondo,610,0.0676,1.4219,3.5219,1538.0,1379.48,7253.0
Rondo,611,0.112,1.8666,3.9666,1540.0,1794.91,8672.0
Rondo,612,0.004,2.4888,4.5888,1541.0,1548.65,7559.0
Rondo,613,0.0608,2.2414,4.3414,1541.0,1739.69,8369.0
Rondo,614,0.0599,1.8665,3.9665,1540.0,1524.5,7761.0
Rondo,615,0.1434,1.3671,3.4671,1536.0,1730.7,8468.0
Rondo,616,0.1317,2.3966,4.4966,1540.0,2133.2,9778.0
Rondo,617,0.092,1.5197,3.6197,1541.0,1563.99,7871.0
Rondo,618,0.0437,2.0287,4.1287,1541.0,1584.31,7962.0
Rondo,619,0.0387,2.4278,4.5278,1542.0,1702.12,8072.0
Rondo,620,0.0453,1.8672,3.9672,1540.0,1432.33,7369.0
Rondo,621,0.0768,1.0658,3.1658,1540.0,1278.56,6862.0
Rondo,622,0.1312,2.047,4.147,1540.0,1986.21,9386.0
Rondo,623,0.1001,1.697,3.797,1537.0,1653.41,8272.0
Rondo,624,0.1124,1.3537,3.4537,1538.0,1601.76,8072.0
Rondo,625,0.0963,1.2199,3.3199,1540.0,1500.86,7657.0
Rondo,626,0.072,1.9657,4.0657,1537.0,1651.28,8167.0
Rondo,627,0.0022,1.5555,3.6555,1544.0,1139.06,6359.0
Rondo,628,0.0054,2.27,4.37,1541.0,1462.65,7469.0
Rondo,629,0.1156,1.0563,3.1563,1541.0,1488.05,7669.0
Rondo,630,0.006,1.4883,3.5883,1541.0,1112.81,6250.0
Rondo,631,0.0344,1.3335,3.4335,1538.0,1172.22,6461.0
Rondo,632,0.0158,1.9978,4.0978,1541.0,1390.77,7369.0
Rondo,633,0.0568,1.7796,3.8796,1540.0,1480.62,7667.0
Rondo,634,0.0243,1.5864,3.6864,1540.0,1258.29,6851.0
Rondo,635,0.0314,1.5255,3.6255,1542.0,1256.91,6855.0
Rondo,636,0.0578,1.8819,3.9819,1542.0,1528.14,7666.0
Rondo,637,0.0418,2.437,4.537,1543.0,1736.69,8376.0
Rondo,638,0.0126,1.0942,3.1942,1539.0,962.3,5550.0
Rondo,639,0.0663,1.2611,3.3611,1537.0,1303.53,6858.0
Rondo,640,0.051,1.9168,4.0168,1538.0,1499.27,7669.0
Rondo,641,0.0233,1.8913,3.9913,1540.0,1352.48,7069.0
Rondo,642,0.0479,1.1442,3.2442,1539.0,1162.93,6451.0
Rondo,643,0.0163,1.5784,3.6784,1539.0,1178.61,6649.0
Rondo,644,0.1098,1.3014,3.4014,1541.0,1543.82,7764.0
Rondo,645,0.1054,2.0507,4.1507,1538.0,1846.59,8978.0
Rondo,646,0.0768,2.0481,4.1481,1539.0,1730.24,8473.0
Rondo,647,0.0191,1.6146,3.7146,1540.0,1236.6,6748.0
Rondo,648,0.0256,2.249,4.349,1541.0,1552.99,7761.0
Rondo,649,0.03,1.4522,3.5522,1538.0,1193.86,6654.0
Rondo,650,0.0263,1.3008,3.4008,1541.0,1193.88,6257.0
Rondo,651,0.1427,1.8444,3.9444,1536.0,1972.7,9281.0
Rondo,652,0.0723,1.9416,4.0416,1546.0,1647.04,8176.0
Rondo,653,0.0795,1.3348,3.4348,1540.0,1415.91,7556.0
Rondo,654,0.0982,2.4792,4.5792,1541.0,2022.38,9391.0
Rondo,655,0.1036,2.3095,4.4095,1542.0,1994.41,9284.0
Rondo,656,0.0449,2.2582,4.3582,1540.0,1640.77,8074.0
Rondo,657,0.0796,2.1161,4.2161,1540.0,1775.39,8678.0
Rondo,658,0.0589,1.5007,3.6007,1541.0,1354.95,7168.0
Rondo,659,0.106,1.9518,4.0518,1538.0,1854.06,8970.0
Rondo,660,0.1458,1.4874,3.5874,1544.0,1827.72,8886.0
Rondo,661,0.0814,1.3778,3.4778,1538.0,1462.62,7457.0
Rondo,662,0.0425,2.4474,4.5474,1542.0,1750.99,8364.0
Rondo,663,0.0244,2.3966,4.4966,1540.0,1595.01,7861.0
Rondo,664,0.146,1.5517,3.6517,1544.0,1853.59,8979.0
Rondo,665,0.0725,1.2731,3.3731,1546.0,1321.66,7159.0
Rondo,666,0.0198,2.2283,4.3283,1541.0,1514.32,7660.0
Rondo,667,0.0791,2.3785,4.4785,1540.0,1863.87,8777.0
Rondo,668,0.1073,1.1989,3.2989,1537.0,1472.14,7666.0
Rondo,669,0.0773,1.7351,3.8351,1541.0,1583.5,7967.0
Rondo,670,0.039,1.2509,3.3509,1541.0,1180.7,6462.0
Rondo,671,0.0354,2.3787,4.4787,1537.0,1653.63,8061.0
Rondo,672,0.029,2.359,4.459,1539.0,1636.41,7960.0
Rondo,673,0.0479,2.287,4.387,1539.0,1672.4,8263.0
Rondo,674,0.0184,2.3293,4.4293,1539.0,1517.4,7569.0
Rondo,675,0.0229,1.5561,3.6561,1540.0,1231.08,6663.0
Rondo,676,0.1245,2.1578,4.2578,1540.0,2014.77,9480.0
Rondo,677,0.0608,2.1131,4.2131,1541.0,1666.39,8167.0
Rondo,678,0.1093,1.2206,3.3206,1540.0,1544.84,7775.0
Rondo,679,0.0095,1.6578,3.7578,1539.0,1193.05,6552.0
Rondo,680,0.0839,2.454,4.554,1540.0,1922.68,8869.0
Rondo,681,0.0699,1.7561,3.8561,1537.0,1520.9,7760.0
Rondo,682,0.0006,1.2034,3.3034,1546.0,1001.56,5746.0
Rondo,683,0.0516,2.1615,4.2615,1542.0,1652.06,8167.0
Rondo,684,0.0789,1.4865,3.5865,1540.0,1476.6,7572.0
Rondo,685,0.0908,2.4009,4.5009,1539.0,1897.14,8880.0
Rondo,686,0.0304,1.552,3.652,1538.0,1261.72,6854.0
Rondo,687,0.1355,1.6954,3.7954,1546.0,1823.36,8871.0
Rondo,688,0.137,2.338,4.438,1536.0,2093.08,9692.0
Rondo,689,0.127,1.8386,3.9386,1538.0,1837.23,8882.0
Rondo,690,0.0966,1.697,3.797,1540.0,1662.75,8175.0
Rondo,691,0.1285,1.569,3.669,1540.0,1757.52,8568.0
Rondo,692,0.0106,1.9704,4.0704,1542.0,1347.97,7167.0
Rondo,693,0.1213,2.4295,4.5295,1539.0,2047.59,9377.0
Rondo,694,0.112,1.751,3.851,1539.0,1731.49,8465.0
Rondo,695,0.1163,1.4871,3.5871,1541.0,1612.72,8176.0
Rondo,696,0.1275,1.1141,3.2141,1538.0,1554.04,7875.0
Rondo,697,0.0025,2.3965,4.4965,1541.0,1519.14,7463.0
Rondo,698,0.0175,1.2057,3.3057,1538.0,1052.75,5952.0
Rondo,699,0.0421,2.0143,4.1143,1542.0,1526.83,7771.0
Rondo,700,0.0593,1.9656,4.0656,1540.0,1585.65,7970.0
Rondo,701,0.0341,1.9347,4.0347,1538.0,1491.43,7556.0
Rondo,702,0.1309,1.1418,3.2418,1541.0,1584.58,7972.0
Rondo,703,0.105,1.6149,3.7149,1541.0,1644.2,8075.0
Rondo,704,0.1389,2.2593,4.3593,1538.0,2089.74,9680.0
Rondo,705,0.1179,1.1407,3.2407,1539.0,1491.74,7674.0
Rondo,706,0.1277,2.2544,4.3544,1538.0,2060.44,9593.0
Rondo,707,0.0419,2.1288,4.2288,1543.0,1599.72,7970.0
Rondo,708,0.0431,1.168,3.268,1542.0,1158.62,6356.0
Rondo,709,0.0753,2.1934,4.2934,1541.0,1786.37,8667.0
Rondo,710,0.0942,1.0548,3.1548,1543.0,1349.27,7169.0
Rondo,711,0.1245,2.2047,4.3047,1540.0,2025.71,9480.0
Rondo,712,0.1025,2.2469,4.3469,1537.0,1965.15,9177.0
Rondo,713,0.0467,2.2667,4.3667,1538.0,1654.65,8162.0
Rondo,714,0.14,1.7745,3.8745,1538.0,1857.26,9071.0
Rondo,715,0.0167,2.2582,4.3582,1539.0,1486.1,7662.0
Rondo,716,0.0607,1.7201,3.8201,1541.0,1472.42,7572.0
Rondo,717,0.0531,1.8664,3.9664,1541.0,1506.5,7765.0
Rondo,718,0.1493,1.899,3.999,1541.0,2000.3,9289.0
Rondo,719,0.0836,1.2791,3.3791,1540.0,1426.1,7368.0
Rondo,720,0.0608,2.2172,4.3172,1541.0,1739.26,8377.0
Rondo,721,0.085,1.0381,3.1381,1539.0,1314.84,7063.0
Rondo,722,0.1383,2.1879,4.2879,1537.0,2075.22,9582.0
Rondo,723,0.1117,1.6026,3.7026,1540.0,1707.04,8464.0
Rondo,724,0.1399,1.4252,3.5252,1538.0,1709.95,8374.0
Rondo,725,0.0716,1.4601,3.5601,1536.0,1383.88,7266.0
Rondo,726,0.1007,2.4998,4.5998,1537.0,1993.79,9189.0
Rondo,727,0.0926,1.9784,4.0784,1541.0,1764.34,8682.0
Rondo,728,0.049,1.1784,3.2784,1540.0,1189.68,6546.0
Rondo,729,0.0264,1.5679,3.6679,1541.0,1259.75,6851.0
Rondo,730,0.0886,2.4675,4.5675,1539.0,1920.89,8986.0
Rondo,731,0.0723,1.8004,3.9004,1546.0,1599.65,8162.0
Rondo,732,0.0418,1.294,3.394,1543.0,1232.85,6658.0
Rondo,733,0.133,2.0638,4.1638,1541.0,1967.63,9187.0
Rondo,734,0.0019,1.7632,3.8632,1544.0,1221.29,6556.0
Rondo,735,0.0881,1.6839,3.7839,1539.0,1604.03,7976.0
Rondo,736,0.124,1.0265,3.1265,1540.0,1485.46,7572.0
Rondo,737,0.0007,1.3166,3.4166,1546.0,1042.81,5939.0
Rondo,738,0.1296,2.0106,4.1106,1542.0,1970.11,9388.0
Rondo,739,0.0993,1.7199,3.8199,1540.0,1682.82,8275.0
Rondo,740,0.0728,2.26,4.36,1546.0,1780.38,8678.0
Rondo,741,0.0576,1.779,3.879,1540.0,1496.72,7563.0
Rondo,742,0.0497,2.1328,4.2328,1537.0,1672.32,8271.0
Rondo,743,0.1198,1.5673,3.6673,1539.0,1736.3,8467.0
Rondo,744,0.1163,1.6748,3.7748,1541.0,1751.79,8667.0
Rondo,745,0.1223,2.4493,4.5493,1538.0,2090.99,9489.0
Rondo,746,0.0121,1.4339,3.5339,1541.0,1099.4,6246.0
Rondo,747,0.1106,1.5364,3.6364,1542.0,1652.02,8278.0
Rondo,748,0.114,1.5746,3.6746,1543.0,1693.88,8469.0
Rondo,749,0.1374,2.1086,4.2086,1536.0,2020.15,9483.0
Rondo,750,0.1097,2.0486,4.1486,1541.0,1871.18,8882.0
Rondo,751,0.1272,1.0965,3.1965,1538.0,1530.86,7858.0
Rondo,752,0.0696,1.5867,3.6867,1538.0,1492.12,7667.0
Rondo,753,0.058,1.6536,3.7536,1541.0,1428.05,7454.0
Rondo,754,0.0988,2.4826,4.5826,1540.0,2052.37,9579.0
Rondo,755,0.0865,2.1611,4.2611,1539.0,1813.83,8773.0
Rondo,756,0.1125,2.0661,4.1661,1538.0,1884.76,8986.0
Rondo,757,0.0943,1.6991,3.7991,1543.0,1661.76,8366.0
Rondo,758,0.0095,1.9576,4.0576,1539.0,1312.28,6963.0
Rondo,759,0.1,1.9365,4.0365,1538.0,1764.7,8669.0
Rondo,760,0.0207,1.3285,3.4285,1543.0,1118.58,6155.0
Rondo,761,0.0135,1.9245,4.0245,1538.0,1304.31,6955.0
Rondo,762,0.1085,2.1945,4.2945,1540.0,1939.84,9073.0
Rondo,763,0.1348,2.2175,4.3175,1546.0,2122.49,9778.0
Rondo,764,0.083,2.0889,4.1889,1541.0,1754.99,8667.0
Rondo,765,0.1433,1.1654,3.2654,1536.0,1683.95,8076.0
Rondo,766,0.0285,1.6869,3.7869,1538.0,1306.08,6962.0
Rondo,767,0.0022,2.3517,4.4517,1544.0,1524.2,7463.0
Rondo,768,0.069,2.492,4.592,1538.0,1849.32,8776.0
Rondo,769,0.0453,2.0271,4.1271,1540.0,1568.2,7867.0
Rondo,770,0.0606,1.5366,3.6366,1541.0,1432.41,7269.0
Rondo,771,0.0615,2.0644,4.1644,1540.0,1660.64,8168.0
Rondo,772,0.1209,2.3563,4.4563,1540.0,2082.91,9576.0
Rondo,773,0.0003,1.7887,3.8887,1546.0,1218.26,6558.0
Rondo,774,0.0877,1.3059,3.4059,1541.0,1419.23,7467.0
Rondo,775,0.0414,1.7121,3.8121,1543.0,1386.36,7354.0
Rondo,776,0.0339,1.7747,3.8747,1538.0,1341.0,7154.0
Rondo,777,0.06,2.3877,4.4877,1540.0,1800.55,8673.0
Rondo,778,0.0722,1.3012,3.4012,1546.0,1384.26,7362.0
Rondo,779,0.1409,1.2945,3.3945,1538.0,1698.32,8375.0
Rondo,780,0.0699,1.594,3.694,1537.0,1503.42,7569.0
Rondo,781,0.1439,1.2749,3.3749,1536.0,1671.6,8280.0
Rondo,782,0.0263,1.4373,3.5373,1541.0,1170.86,6550.0
Rondo,783,0.0392,2.1184,4.2184,1540.0,1565.53,7876.0
Rondo,784,0.081,1.8414,3.9414,1538.0,1588.47,7971.0
Rondo,785,0.0028,1.318,3.418,1540.0,1019.51,5845.0
Rondo,786,0.1066,1.3203,3.4203,1539.0,1498.65,7868.0
Rondo,787,0.085,1.8522,3.9522,1539.0,1639.14,8268.0
Rondo,788,0.1119,1.6071,3.7071,1540.0,1706.08,8477.0
Rondo,789,0.1398,1.3318,3.4318,1538.0,1679.71,8364.0
Rondo,790,0.1253,2.2084,4.3084,1542.0,2022.32,9383.0
Rondo,791,0.0039,1.4087,3.5087,1541.0,1058.4,5856.0
Rondo,792,0.1454,1.0669,3.1669,1546.0,1584.05,8162.0
Rondo,793,0.1354,1.6435,3.7435,1546.0,1828.46,8983.0
Rondo,794,0.0859,2.4857,4.5857,1538.0,1940.09,8970.0
Rondo,795,0.0408,1.6825,3.7825,1539.0,1360.86,7167.0
Rondo,796,0.1477,1.3451,3.4451,1541.0,1709.61,8467.0
Rondo,797,0.0166,1.1207,3.2207,1539.0,1017.49,5853.0
Rondo,798,0.0485,1.3279,3.4279,1540.0,1289.0,6759.0
Rondo,799,0.0117,1.5408,3.6408,1540.0,1179.38,6647.0
Rondo,800,0.0671,1.313,3.413,1538.0,1347.49,7057.0
Rondo,801,0.0005,1.3986,3.4986,1546.0,1069.75,5955.0
Rondo,802,0.0485,2.4446,4.5446,1541.0,1763.55,8468.0
Rondo,803,0.1226,2.0925,4.1925,1538.0,1955.79,9087.0
Rondo,804,0.1135,1.0772,3.1772,1543.0,1454.2,7571.0
Rondo,805,0.0322,1.059,3.159,1542.0,1043.84,6041.0
Rondo,806,0.0514,1.3033,3.4033,1539.0,1235.54,6651.0
Rondo,807,0.0816,1.7634,3.8634,1540.0,1600.49,8166.0
Rondo,808,0.036,2.2346,4.3346,1536.0,1592.38,7963.0
Rondo,809,0.0675,2.45,4.55,1538.0,1891.46,8776.0
Rondo,810,0.0988,2.1486,4.2486,1540.0,1892.24,8987.0
Rondo,811,0.0989,2.3196,4.4196,1540.0,1945.75,9279.0
Rondo,812,0.0673,1.8856,3.9856,1538.0,1567.25,7867.0
Rondo,813,0.0296,2.1484,4.2484,1539.0,1534.73,7768.0
Rondo,814,0.0059,1.5188,3.6188,1541.0,1143.5,6349.0
Rondo,815,0.1295,1.5093,3.6093,1540.0,1724.74,8674.0
Rondo,816,0.0322,1.3873,3.4873,1542.0,1199.9,6559.0
Rondo,817,0.1309,1.1283,3.2283,1541.0,1600.75,7973.0
Rondo,818,0.0936,1.1494,3.2494,1542.0,1431.52,7468.0
Rondo,819,0.0331,1.9515,4.0515,1541.0,1448.76,7471.0
Rondo,820,0.0077,2.2062,4.3062,1540.0,1448.8,7455.0
Rondo,821,0.1363,1.9478,4.0478,1537.0,1974.9,9287.0
Rondo,822,0.0307,2.024,4.124,1537.0,1480.5,7660.0
Rondo,823,0.1455,1.3031,3.4031,1546.0,1726.3,8579.0
Rondo,824,0.0638,1.8643,3.9643,1546.0,1566.82,7876.0
Rondo,825,0.0727,1.3907,3.4907,1546.0,1406.73,7365.0
Rondo,826,0.0015,1.6267,3.7267,1545.0,1189.65,6551.0
Rondo,827,0.0764,1.8219,3.9219,1540.0,1561.97,7960.0
Rondo,828,0.0047,1.1654,3.2654,1539.0,967.74,5637.0
Rondo,829,0.0258,1.0875,3.1875,1541.0,1020.93,5841.0
Rondo,830,0.0859,2.2841,4.3841,1538.0,1869.75,8872.0
Rondo,831,0.033,1.7245,3.8245,1541.0,1317.62,7061.0
Rondo,832,0.1189,1.354,3.454,1538.0,1636.27,8078.0
Rondo,833,0.0217,1.7894,3.8894,1542.0,1318.58,6955.0
Rondo,834,0.1212,2.4671,4.5671,1539.0,2071.86,9385.0
Rondo,835,0.0293,2.4872,4.5872,1539.0,1642.3,7962.0
Rondo,836,0.1075,1.4432,3.5432,1537.0,1566.93,8061.0
Rondo,837,0.0981,2.1961,4.2961,1541.0,1921.13,9289.0
Rondo,838,0.055,1.4849,3.5849,1538.0,1323.05,7053.0
Rondo,839,0.1185,2.2002,4.3002,1538.0,1982.2,9273.0
Rondo,840,0.0547,2.033,4.133,1539.0,1628.61,8071.0
Rondo,841,0.1369,2.1792,4.2792,1536.0,2070.94,9692.0
Rondo,842,0.0053,1.4305,3.5305,1541.0,1086.68,6145.0
Rondo,843,0.0672,2.0753,4.1753,1538.0,1698.09,8378.0
Rondo,844,0.0097,1.0678,3.1678,1540.0,939.23,5451.0
Rondo,845,0.0099,2.0034,4.1034,1540.0,1378.99,7264.0
Rondo,846,0.072,1.3894,3.4894,1541.0,1401.5,7269.0
Rondo,847,0.1411,1.1571,3.2571,1538.0,1620.25,8171.0
Rondo,848,0.0999,2.3399,4.4399,1540.0,1931.82,9279.0
Rondo,849,0.0977,2.2013,4.3013,1541.0,1932.28,9171.0
Rondo,850,0.0951,2.075,4.175,1540.0,1824.6,8874.0
Rondo,851,0.1122,1.3589,3.4589,1538.0,1572.16,7964.0
Rondo,852,0.1329,1.6018,3.7018,1541.0,1830.83,8871.0
Rondo,853,0.0072,1.0087,3.1087,1540.0,904.25,5340.0
Rondo,854,0.0307,1.5055,3.6055,1537.0,1231.91,6663.0
Rondo,855,0.145,1.9523,4.0523,1546.0,2026.3,9385.0
Rondo,856,0.0752,1.1817,3.2817,1541.0,1319.38,7053.0
Rondo,857,0.043,2.1686,4.2686,1542.0,1642.07,8077.0
Rondo,858,0.0181,2.0665,4.1665,1540.0,1428.55,7460.0
Rondo,859,0.0357,2.2683,4.3683,1537.0,1594.16,7963.0
Rondo,860,0.1104,1.7798,3.8798,1542.0,1695.64,8378.0
Rondo,861,0.1442,1.8632,3.9632,1546.0,1907.44,9187.0
Rondo,862,0.0541,1.4712,3.5712,1541.0,1333.95,7161.0
Rondo,863,0.0891,2.3491,4.4491,1539.0,1904.6,9071.0
Rondo,864,0.1211,2.1695,4.2695,1539.0,2001.23,9374.0
Rondo,865,0.0445,1.9932,4.0932,1541.0,1514.83,7768.0
Rondo,866,0.0172,1.657,3.757,1538.0,1228.16,6758.0
Rondo,867,0.0809,1.5362,3.6362,1538.0,1510.04,7868.0
Rondo,868,0.1162,1.6011,3.7011,1541.0,1665.39,8465.0
Rondo,869,0.1019,1.5064,3.6064,1538.0,1615.17,8073.0
Rondo,870,0.1267,1.9309,4.0309,1539.0,1902.36,9183.0
Rondo,871,0.1082,2.2039,4.3039,1540.0,1969.91,9289.0
Rondo,872,0.0028,1.8947,3.9947,1540.0,1259.1,6755.0
Rondo,873,0.0489,2.1249,4.2249,1540.0,1602.78,8069.0
Rondo,874,0.0981,1.3879,3.4879,1541.0,1523.8,7762.0
Rondo,875,0.0093,1.5742,3.6742,1538.0,1168.11,6452.0
Rondo,876,0.0685,1.4152,3.5152,1538.0,1368.62,7166.0
Rondo,877,0.1028,1.1665,3.2665,1537.0,1421.04,7365.0
Rondo,878,0.064,2.4607,4.5607,1542.0,1876.75,8666.0
Rondo,879,0.1316,2.3833,4.4833,1540.0,2107.29,9688.0
Rondo,880,0.1022,1.4677,3.5677,1538.0,1570.97,7973.0
Rondo,881,0.1059,1.8384,3.9384,1538.0,1744.64,8583.0
Rondo,882,0.0009,1.3127,3.4127,1546.0,1028.64,5848.0
Rondo,883,0.0692,2.3069,4.4069,1538.0,1762.88,8569.0
Rondo,884,0.0219,2.0588,4.1588,1543.0,1450.46,7564.0
Rondo,885,0.1016,1.1208,3.2208,1539.0,1383.5,7363.0
Rondo,886,0.0836,1.9115,4.0115,1540.0,1676.34,8279.0
Rondo,887,0.0222,2.2968,4.3968,1543.0,1556.44,7862.0
Rondo,888,0.0938,1.2557,3.3557,1542.0,1504.89,7665.0
Rondo,889,0.1267,1.5137,3.6137,1539.0,1721.29,8574.0
Rondo,890,0.0353,2.2253,4.3253,1537.0,1580.12,7962.0
Rondo,891,0.0987,2.2218,4.3218,1540.0,1924.73,9273.0
Rondo,892,0.0814,2.3437,4.4437,1538.0,1892.84,8869.0
Rondo,893,0.0581,2.1791,4.2791,1541.0,1705.09,8576.0
Rondo,894,0.1077,2.4216,4.5216,1537.0,2038.35,9286.0
Rondo,895,0.0536,1.1132,3.2132,1542.0,1188.05,6646.0
Rondo,896,0.045,2.4516,4.5516,1540.0,1727.46,8280.0
Rondo,897,0.0737,1.0212,3.1212,1544.0,1250.39,6761.0
Rondo,898,0.1473,1.9028,4.0028,1541.0,1973.14,9379.0
Rondo,899,0.0874,1.4889,3.5889,1540.0,1505.59,7859.0
Rondo,900,0.0945,2.1372,4.2372,1543.0,1873.37,8973.0
Rondo,901,0.0193,1.5088,3.6088,1541.0,1190.39,6554.0
Rondo,902,0.0207,1.882,3.982,1543.0,1349.85,7157.0
Rondo,903,0.0567,1.8605,3.9605,1540.0,1496.85,7657.0
Rondo,904,0.0609,2.4012,4.5012,1541.0,1791.72,8479.0
Rondo,905,0.1468,1.3423,3.4423,1541.0,1737.16,8482.0
Rondo,906,0.079,1.8637,3.9637,1540.0,1574.05,8061.0
Rondo,907,0.0719,1.0161,3.1161,1536.0,1222.36,6660.0
Rondo,908,0.0694,2.107,4.207,1538.0,1724.67,8470.0
Rondo,909,0.113,2.2427,4.3427,1539.0,2000.75,9281.0
Rondo,910,0.0429,1.8568,3.9568,1542.0,1411.05,7353.0
Rondo,911,0.0567,1.8305,3.9305,1540.0,1500.84,7673.0
Rondo,912,0.1039,2.4613,4.5613,1542.0,2042.84,9581.0
Rondo,913,0.1482,1.2967,3.3967,1540.0,1726.81,8566.0
Rondo,914,0.0277,1.7947,3.8947,1540.0,1337.11,7063.0
Rondo,915,0.0776,1.0997,3.1997,1541.0,1347.23,7163.0
Rondo,916,0.0754,2.3512,4.4512,1541.0,1863.52,8768.0
Rondo,917,0.074,1.2126,3.3126,1544.0,1310.76,6965.0
Rondo,918,0.0355,1.2246,3.3246,1537.0,1108.14,6344.0
Rondo,919,0.0285,1.0602,3.1602,1538.0,1033.0,5756.0
Rondo,920,0.0044,2.3192,4.4192,1540.0,1470.83,7368.0
Rondo,921,0.0988,2.0032,4.1032,1540.0,1843.4,8779.0
Rondo,922,0.0078,1.0758,3.1758,1539.0,922.68,5439.0
Rondo,923,0.1314,2.197,4.297,1540.0,2070.11,9576.0
Rondo,924,0.0158,1.3641,3.4641,1541.0,1096.63,6159.0
Rondo,925,0.1247,1.0087,3.1087,1540.0,1481.41,7662.0
Rondo,926,0.0954,1.9767,4.0767,1539.0,1818.02,8579.0
Rondo,927,0.1061,2.1979,4.2979,1538.0,1926.99,9084.0
Rondo,928,0.0499,1.124,3.224,1537.0,1175.72,6546.0
Rondo,929,0.114,1.3848,3.4848,1543.0,1632.83,8263.0
Rondo,930,0.0701,1.6325,3.7325,1537.0,1474.55,7472.0
Rondo,931,0.1033,1.3598,3.4598,1542.0,1508.68,7773.0
Rondo,932,0.0905,1.0477,3.1477,1539.0,1341.03,7156.0
Rondo,933,0.1171,2.0267,4.1267,1540.0,1884.67,9071.0
Rondo,934,0.139,1.2433,3.3433,1538.0,1649.12,8269.0
Rondo,935,0.0055,1.1956,3.2956,1541.0,1003.34,5844.0
Rondo,936,0.0537,2.0808,4.1808,1539.0,1604.97,8077.0
Rondo,937,0.0856,1.3374,3.4374,1538.0,1447.71,7463.0
Rondo,938,0.1498,1.8572,3.9572,1541.0,1915.19,9086.0
Rondo,939,0.0007,1.9924,4.0924,1546.0,1354.75,7056.0
Rondo,940,0.0803,1.983,4.083,1538.0,1680.53,8271.0
Rondo,941,0.0705,1.1019,3.2019,1536.0,1249.53,6853.0
Rondo,942,0.1099,1.3703,3.4703,1541.0,1584.84,8061.0
Rondo,943,0.143,1.8338,3.9338,1536.0,1896.59,9076.0
Rondo,944,0.0608,2.0193,4.1193,1541.0,1600.62,7975.0
Rondo,945,0.044,1.0764,3.1764,1541.0,1085.37,6155.0
Rondo,946,0.142,1.9177,4.0177,1537.0,1995.4,9188.0
Rondo,947,0.029,2.0142,4.1142,1539.0,1443.28,7466.0
Rondo,948,0.009,2.3242,4.4242,1538.0,1490.51,7469.0
Rondo,949,0.0149,1.8226,3.9226,1539.0,1286.79,6854.0
Rondo,950,0.0069,1.2485,3.3485,1540.0,1020.08,5845.0
Rondo,951,0.0454,1.4815,3.5815,1539.0,1319.97,7061.0
Rondo,952,0.0688,1.8804,3.9804,1537.0,1616.07,8063.0
Rondo,953,0.146,1.3836,3.4836,1544.0,1811.11,8680.0
Rondo,954,0.0152,2.0702,4.1702,1539.0,1422.33,7370.0
Rondo,955,0.0266,1.5171,3.6171,1541.0,1230.31,6750.0
Rondo,956,0.1496,2.0213,4.1213,1541.0,2045.51,9584.0
Rondo,957,0.1041,2.1083,4.2083,1542.0,1894.67,8973.0
Rondo,958,0.0101,1.6607,3.7607,1538.0,1198.34,6563.0
Rondo,959,0.1122,1.3003,3.4003,1538.0,1586.74,7977.0
Rondo,960,0.0421,1.9335,4.0335,1543.0,1460.99,7558.0
Rondo,961,0.1321,1.8448,3.9448,1541.0,1918.3,9073.0
Rondo,962,0.0868,1.3906,3.4906,1539.0,1455.21,7665.0
Rondo,963,0.136,1.8807,3.9807,1540.0,1961.7,9290.0
Rondo,964,0.0704,1.1573,3.2573,1537.0,1270.89,6955.0
Rondo,965,0.0382,2.4435,4.5435,1541.0,1725.56,8171.0
Rondo,966,0.0895,1.9213,4.0213,1538.0,1700.12,8565.0
Rondo,967,0.1417,1.2883,3.3883,1537.0,1660.11,8369.0
Rondo,968,0.1442,1.5609,3.6609,1546.0,1863.31,8886.0
Rondo,969,0.14,1.4707,3.5707,1538.0,1736.52,8579.0
Rondo,970,0.1012,2.247,4.347,1539.0,1933.59,9280.0
Rondo,971,0.1228,1.3245,3.4245,1538.0,1545.74,7962.0
Rondo,972,0.0345,2.3901,4.4901,1539.0,1655.02,8064.0
Rondo,973,0.1124,1.1088,3.2088,1538.0,1483.61,7661.0
Rondo,974,0.0698,1.5387,3.6387,1537.0,1434.0,7558.0
Rondo,975,0.0997,1.6943,3.7943,1540.0,1652.14,8176.0
Rondo,976,0.1301,2.2912,4.3912,1541.0,2086.81,9786.0
Rondo,977,0.055,2.4886,4.5886,1538.0,1784.97,8471.0
Rondo,978,0.141,2.3749,4.4749,1538.0,2194.95,9992.0
Rondo,979,0.0341,1.0149,3.1149,1538.0,1072.52,6052.0
Rondo,980,0.0754,1.7061,3.8061,1541.0,1539.83,7770.0
Rondo,981,0.0016,1.6275,3.7275,1545.0,1181.82,6546.0
Rondo,982,0.1018,1.0698,3.1698,1538.0,1439.91,7372.0
Rondo,983,0.0105,2.3282,4.4282,1542.0,1502.81,7569.0
Rondo,984,0.0787,1.5064,3.6064,1540.0,1480.86,7671.0
Rondo,985,0.0419,1.5007,3.6007,1543.0,1303.47,7053.0
Rondo,986,0.0919,1.7503,3.8503,1541.0,1625.82,8265.0
Rondo,987,0.0997,2.2533,4.3533,1540.0,1953.7,9082.0
Rondo,988,0.0297,1.418,3.518,1538.0,1184.01,6458.0
Rondo,989,0.0814,1.8914,3.9914,1539.0,1650.07,8178.0
Rondo,990,0.0833,1.9486,4.0486,1540.0,1695.89,8376.0
Rondo,991,0.0844,1.2635,3.3635,1541.0,1408.25,7454.0
Rondo,992,0.1498,2.4781,4.5781,1541.0,2230.15,10096.0
Rondo,993,0.0953,1.8062,3.9062,1540.0,1676.43,8280.0
Rondo,994,0.1434,1.8745,3.9745,1536.0,1946.19,9283.0
Rondo,995,0.0661,1.0691,3.1691,1537.0,1211.49,6655.0
Rondo,996,0.0696,2.0296,4.1296,1537.0,1643.52,8265.0
Rondo,997,0.0019,2.3837,4.4837,1544.0,1538.49,7472.0
Rondo,998,0.1478,1.1038,3.2038,1541.0,1648.51,8269.0
Rondo,999,0.0844,2.1916,4.2916,1541.0,1823.58,8768.0
Rondo,1000,0.0025,1.4718,3.5718,1541.0,1108.19,6153.0
